City_ID,City,Country,Lat,Lng,Max Temp,Humidity,Cloudiness,Wind Speed
0,Ushuaia,AR,-54.8,-68.3,39.2,87,100,5.82
1,Tuktoyaktuk,CA,69.45,-133.04,55.4,66,75,4.7
2,Busselton,AU,-33.65,115.33,62.01,97,20,22.48
3,Richards Bay,ZA,-28.78,32.04,57.4,85,14,5.1
4,Antofagasta,CL,-23.65,-70.4,55.4,82,70,11.41
5,Nome,US,64.5,-165.41,48.2,70,75,19.46
6,Privas,FR,44.58,4.5,55.99,60,0,3.0
7,Alihe,CN,50.57,123.72,59.04,77,100,2.77
8,Portland,US,45.52,-122.68,84.99,45,21,1.99
9,Nishihara,JP,26.18,127.76,86.0,94,90,20.8
10,Albany,US,42.6,-73.97,71.01,96,69,6.73
11,Alipur Chatha,PK,32.27,73.82,80.6,88,40,4.7
12,Pevek,RU,69.7,170.31,37.63,83,88,7.36
13,Erzin,TR,36.96,36.2,81.0,85,77,5.1
14,Kyshtym,RU,55.71,60.55,64.51,74,88,10.27
15,Goderich,CA,43.75,-81.72,71.01,93,100,11.52
16,Port Lincoln,AU,-34.73,135.87,61.09,61,49,22.5
17,Hobart,AU,-42.88,147.33,53.6,62,75,10.29
18,Scarborough,GB,54.28,-0.4,52.0,81,47,6.49
19,Saint-Philippe,RE,-21.36,55.77,62.6,63,2,2.24
20,Sao Filipe,CV,14.9,-24.5,76.8,79,35,9.26
21,Asasa,ET,7.1,39.2,53.82,78,89,1.72
22,Arraial Do Cabo,BR,-22.97,-42.03,71.01,89,1,6.24
23,Victoria,HK,22.29,114.16,91.99,70,0,4.0
24,Falmouth,GB,50.15,-5.07,55.99,93,100,8.05
25,Severo-Kurilsk,RU,50.68,156.12,54.39,64,79,1.45
26,Kavieng,PG,-2.57,150.8,85.35,66,9,8.1
27,Nikolskoye,RU,59.7,30.79,44.6,81,90,4.47
28,Qaanaaq,GL,77.48,-69.36,26.01,82,0,4.29
29,Bluff,NZ,-46.6,168.33,45.0,72,99,11.01
30,Cherskiy,RU,68.75,161.3,47.73,56,76,4.21
31,Firozpur Jhirka,IN,27.8,76.95,82.87,71,100,8.93
32,Caranavi,BO,-15.82,-67.55,64.38,87,98,2.66
33,New Norfolk,AU,-42.78,147.06,51.01,67,100,6.04
34,Shingu,JP,33.73,135.98,84.2,79,75,9.17
35,Saint-Joseph,RE,-21.37,55.62,62.6,63,1,2.24
36,Altay,CN,47.87,88.12,70.03,27,0,2.17
37,Mataura,NZ,-46.19,168.86,45.0,72,65,11.01
38,Acarau,BR,-2.89,-40.12,77.97,81,0,16.15
39,Punta Arenas,CL,-53.15,-70.92,35.6,80,100,6.93
40,East London,ZA,-33.02,27.91,63.66,69,51,27.07
41,Tiksi,RU,71.69,128.87,43.45,76,19,14.88
42,Nanortalik,GL,60.14,-45.24,43.66,78,55,16.4
43,Longyearbyen,SJ,78.22,15.64,39.2,69,75,12.75
44,Atuona,PF,-9.8,-139.03,78.8,78,79,21.34
45,Mehamn,NO,71.04,27.85,50.05,76,100,11.74
46,Luau,AO,-10.71,22.22,69.58,71,34,3.87
47,Vaini,TO,-21.2,-175.2,78.8,88,75,6.93
48,Bikin,RU,46.82,134.26,65.12,91,100,5.91
49,Nuuk,GL,64.18,-51.72,44.01,75,52,18.01
50,Namibe,AO,-15.2,12.15,60.22,88,4,4.9
51,Norman Wells,CA,65.28,-126.83,59.0,62,75,4.7
52,Saskylakh,RU,71.92,114.08,45.3,67,0,4.14
53,Airai,TL,-8.93,125.41,76.08,53,92,6.71
54,Rikitea,PF,-23.12,-134.97,68.05,79,100,20.56
55,Kahului,US,20.89,-156.47,89.6,46,40,24.16
56,Caceres,ES,39.52,-6.37,66.99,52,0,3.29
57,Wuwei,CN,37.93,102.64,69.6,23,6,1.92
58,Wanning,CN,18.8,110.4,87.57,64,1,1.3
59,Pankrushikha,RU,53.83,80.34,62.73,72,95,8.41
60,Riyadh,SA,24.69,46.72,87.8,33,40,3.36
61,Camacha,PT,33.08,-16.33,71.6,78,40,8.05
62,Burnie,AU,-41.07,145.92,57.0,61,100,11.01
63,San Borja,BO,-14.82,-66.85,76.48,62,36,3.02
64,Kapaa,US,22.08,-159.32,86.0,62,40,17.22
65,Carnarvon,AU,-24.87,113.63,68.0,49,75,16.11
66,Goya,AR,-29.14,-59.26,52.77,95,100,5.14
67,Lagoa,PT,39.05,-27.98,72.27,74,99,7.7
68,Urumqi,CN,43.8,87.6,78.01,38,48,6.71
69,Mahebourg,MU,-20.41,57.7,71.6,83,75,11.41
70,Zhigansk,RU,66.77,123.37,54.41,74,21,8.9
71,Cidreira,BR,-30.18,-50.21,60.84,88,100,19.8
72,Tukrah,LY,32.53,20.58,74.16,67,0,5.68
73,Dikson,RU,73.51,80.55,40.86,84,1,11.79
74,Boma,GH,7.08,-2.17,71.65,90,100,2.48
75,Sangar,RU,63.92,127.47,56.28,78,94,7.61
76,Chokurdakh,RU,70.63,147.92,40.44,84,100,8.97
77,Cape Town,ZA,-33.93,18.42,57.99,93,75,9.17
78,Berlevag,NO,70.86,29.09,50.09,73,100,17.45
79,Fernie,CA,49.5,-115.07,71.6,33,75,6.93
80,Klaksvik,FO,62.23,-6.59,51.8,93,100,16.11
81,Redmond,US,47.67,-122.12,78.01,60,1,5.39
82,Yellowknife,CA,62.46,-114.35,53.6,54,40,12.75
83,Aykhal,RU,66.0,111.5,42.8,93,90,8.95
84,Hermanus,ZA,-34.42,19.23,55.0,82,99,8.01
85,Bethel,US,41.37,-73.41,68.0,88,90,8.05
86,Port Alfred,ZA,-33.59,26.89,62.69,69,10,37.47
87,Tazovskiy,RU,67.47,78.7,45.34,85,0,8.93
88,Castro,BR,-24.79,-50.01,58.46,88,87,12.03
89,Caravelas,BR,-17.71,-39.25,70.77,83,85,5.7
90,Mutare,ZW,-18.97,32.67,57.78,91,96,6.82
91,Carutapera,BR,-1.2,-46.02,76.62,85,0,6.51
92,San Policarpo,PH,12.18,125.51,85.23,68,100,5.12
93,Georgetown,MY,5.41,100.34,86.0,83,20,6.93
94,Mackay,AU,-21.15,149.2,77.0,57,48,14.99
95,Puerto Ayora,EC,-0.74,-90.35,65.35,80,74,10.42
96,Tammisaari,FI,59.97,23.43,50.0,86,0,7.0
97,Gusino,RU,54.72,31.37,56.62,92,94,12.77
98,Khasan,RU,42.43,130.64,69.42,95,100,8.23
99,Provideniya,RU,64.38,-173.3,51.8,57,75,11.18
100,Hami,CN,42.8,93.45,82.78,13,77,4.52
101,Adre,TD,13.47,22.2,72.88,82,27,6.04
102,Kaitangata,NZ,-46.28,169.85,51.01,54,9,8.01
103,Upernavik,GL,72.79,-56.15,37.02,80,51,9.24
104,Bambous Virieux,MU,-20.34,57.76,71.6,83,75,11.41
105,Touros,BR,-5.2,-35.46,73.4,94,40,4.7
106,Turbat,PK,26.0,63.04,83.97,42,0,4.56
107,Novyy Urengoy,RU,66.08,76.63,46.54,81,100,10.2
108,Sur,OM,22.57,59.53,81.1,65,0,6.26
109,Hokitika,NZ,-42.72,170.97,50.47,53,0,8.97
110,Bingol,TR,38.88,40.49,67.44,31,0,3.98
111,Thompson,CA,55.74,-97.86,51.8,81,75,2.24
112,Lebu,CL,-37.62,-73.65,49.66,87,90,4.5
113,Havre-Saint-Pierre,CA,50.23,-63.6,51.8,87,20,4.7
114,Jawa,JO,31.85,35.94,77.0,29,0,5.5
115,Rancho Palos Verdes,US,33.74,-118.39,68.0,88,0,1.01
116,Barrow,US,71.29,-156.79,37.4,86,90,18.34
117,Stavern,NO,59.0,10.03,48.99,81,0,2.24
118,Port-Gentil,GA,-0.72,8.78,74.68,81,100,11.25
119,Caborca,MX,30.58,-111.1,80.01,80,26,0.56
120,Mount Isa,AU,-20.73,139.5,82.4,23,0,13.87
121,Kongolo,CD,-5.38,27.0,75.11,70,3,1.97
122,Vila Franca Do Campo,PT,37.72,-25.43,71.6,78,75,3.36
123,Buala,SB,-8.14,159.59,83.91,71,46,4.32
124,Mar Del Plata,AR,-38.0,-57.56,44.01,75,63,10.29
125,Harrisonburg,US,38.45,-78.87,72.0,100,90,2.62
126,Mastic Beach,US,40.77,-72.85,70.0,77,90,4.7
127,New Iberia,US,30.0,-91.82,84.2,89,75,9.17
128,Kloulklubed,PW,7.04,134.26,86.0,66,75,5.82
129,Landazuri,CO,6.22,-73.81,66.13,94,100,4.65
130,Coquimbo,CL,-29.95,-71.34,51.8,76,0,1.12
131,Meulaboh,ID,4.14,96.13,78.21,78,100,5.79
132,Talara,PE,-4.58,-81.27,63.21,81,5,20.92
133,Auki,SB,-8.77,160.7,80.76,79,89,6.55
134,Butterworth,MY,5.4,100.36,86.0,83,20,6.93
135,Ribeira Grande,PT,38.52,-28.7,72.72,73,99,1.9
136,Bredasdorp,ZA,-34.53,20.04,60.8,82,96,12.75
137,Shawinigan,CA,46.57,-72.75,66.2,88,90,5.82
138,Acayucan,MX,17.95,-94.92,77.67,87,0,6.51
139,Podor,MR,16.65,-14.96,85.06,63,73,13.96
140,Sayyan,YE,15.17,44.32,61.14,64,7,1.25
141,Avera,US,33.19,-82.53,82.4,100,1,5.86
142,Ostrovnoy,RU,68.05,39.51,42.12,81,78,6.96
143,Biryusinsk,RU,55.96,97.82,60.69,78,31,13.49
144,Casa Nova,BR,-9.42,-41.13,72.59,73,5,23.13
145,Kondinskoye,RU,59.65,67.41,51.22,94,83,3.96
146,The Valley,AI,18.22,-63.06,84.2,79,40,12.75
147,Henties Bay,NA,-22.12,14.28,48.0,85,0,6.85
148,Tasiilaq,GL,65.61,-37.64,37.4,95,100,12.75
149,Cozumel,MX,20.51,-86.95,84.2,79,40,4.7
150,Clyde River,CA,70.47,-68.59,39.2,93,75,11.41
151,Faya,SA,18.39,42.45,64.4,77,0,4.07
152,College,US,64.86,-147.8,57.2,67,75,9.17
153,Jamestown,US,42.1,-79.24,69.01,93,40,6.93
154,Daura,NG,11.55,11.41,72.75,90,100,8.79
155,Ilirska Bistrica,SI,45.57,14.24,62.01,92,6,13.0
156,Liepaja,LV,56.54,21.04,57.2,87,100,8.05
157,Aswan,EG,24.09,32.91,82.4,24,0,6.49
158,Andenes,NO,69.31,16.12,50.0,81,100,9.17
159,Besskorbnaya,RU,44.64,41.31,60.01,8,0,5.99
160,Beloha,MG,-25.17,45.05,65.34,84,100,14.14
161,Homer,US,59.64,-151.55,59.0,77,1,13.87
162,Maldonado,UY,-34.67,-54.92,51.01,76,90,12.75
163,Grand-Santi,GF,4.25,-54.38,75.54,78,5,3.65
164,Jiangyou,CN,31.77,104.72,77.2,73,93,1.41
165,Soyo,AO,-6.13,12.37,71.76,86,67,8.95
166,Lozovik,RS,44.47,21.1,53.01,86,5,3.33
167,Sitka,US,57.05,-135.33,55.4,93,90,11.41
168,Ilulissat,GL,69.22,-51.1,41.0,75,68,4.7
169,Palauig,PH,15.44,119.9,85.71,69,99,8.75
170,Parnamirim,BR,-5.92,-35.26,73.4,94,75,5.82
171,Axim,GH,4.87,-2.24,74.26,89,100,7.92
172,Isangel,VU,-19.55,169.27,77.0,73,90,11.41
173,Benguela,AO,-12.58,13.41,67.89,84,75,0.78
174,Torbay,CA,47.67,-52.73,54.0,93,20,10.29
175,Codrington,AU,-38.27,141.97,62.08,63,24,19.35
176,Kalmunai,LK,7.42,81.82,78.76,83,100,7.96
177,Avarua,CK,-21.21,-159.78,78.8,78,5,12.75
178,Campoverde,PE,-8.48,-74.81,76.96,70,100,1.57
179,Grindavik,IS,63.84,-22.43,48.2,93,75,5.82
180,Khorixas,NA,-20.37,14.97,45.63,51,0,3.69
181,Cabo San Lucas,MX,22.89,-109.91,81.0,83,40,8.05
182,Kenai,US,60.55,-151.26,60.8,63,1,9.17
183,Cartagena,CO,10.4,-75.51,81.45,79,99,7.47
184,Yulara,AU,-25.24,130.99,84.2,13,0,12.75
185,Najran,SA,17.49,44.13,78.8,24,1,0.92
186,Souillac,MU,-20.52,57.52,71.6,83,75,11.41
187,Zanjan,IR,36.67,48.48,60.6,43,0,4.34
188,Byron Bay,AU,-28.65,153.62,73.99,64,75,13.87
189,Saldanha,ZA,-33.01,17.94,59.0,62,7,6.93
190,Alofi,NU,-19.06,-169.92,84.2,66,75,9.17
191,Batagay-Alyta,RU,67.8,130.41,52.27,54,84,6.33
192,Skjervoy,NO,70.03,20.97,52.45,69,98,10.63
193,Campbell River,CA,50.02,-125.24,69.8,68,40,6.93
194,Tilichiki,RU,60.47,166.1,47.19,91,100,5.32
195,Walvis Bay,NA,-22.96,14.51,48.0,75,0,8.05
196,Khatanga,RU,71.97,102.5,52.18,69,25,12.26
197,Egvekinot,RU,66.32,-179.17,43.57,61,85,2.86
198,Tessalit,ML,20.2,1.01,88.39,42,62,20.83
199,Narsaq,GL,60.92,-46.05,41.0,80,53,2.24
200,Vila Velha,BR,-20.33,-40.29,72.0,88,20,5.82
201,Darhan,MN,49.49,105.92,60.01,62,0,9.06
202,Port Hardy,CA,50.7,-127.42,60.8,93,75,4.7
203,Constitucion,CL,-35.33,-72.42,49.12,80,87,3.71
204,Kadyy,RU,57.79,43.19,50.11,88,80,6.8
205,Maceio,BR,-9.67,-35.74,75.2,83,75,10.29
206,Lompoc,US,34.64,-120.46,66.2,68,1,12.75
207,Saint-Louis,SN,16.33,-15.0,83.52,68,78,12.75
208,Roma,US,43.21,-75.46,69.8,77,90,8.05
209,Gazojak,TM,41.19,61.4,72.0,31,0,9.08
210,Pisco,PE,-13.7,-76.22,62.6,77,0,13.87
211,Butaritari,KI,3.07,172.79,83.46,78,46,17.34
212,Almere,NL,52.37,5.21,54.0,99,0,1.39
213,Floresta,BR,-8.6,-38.57,69.35,80,16,16.62
214,Coihaique,CL,-45.58,-72.07,39.2,80,25,4.7
215,Mbanza-Ngungu,CD,-5.25,14.87,72.79,76,100,6.22
216,Rawson,AR,-43.3,-65.1,51.3,57,0,19.06
217,Summerside,CA,46.4,-63.79,60.01,86,1,13.65
218,Porto Santo,PT,33.07,-16.34,71.6,78,40,8.05
219,Havoysund,NO,71.0,24.66,51.8,71,100,14.99
220,Bernalda,IT,40.41,16.69,66.0,76,15,4.72
221,Chapais,CA,49.78,-74.85,60.8,93,90,8.05
222,Pacific Grove,US,36.62,-121.92,63.0,88,82,3.18
223,Rocha,UY,-34.48,-54.33,48.58,79,100,7.72
224,Serenje,ZM,-13.23,30.24,58.08,83,0,11.16
225,Bilibino,RU,68.05,166.44,43.84,60,98,9.57
226,Port Augusta,AU,-32.5,137.77,68.0,34,3,12.75
227,Guanica,PR,17.97,-66.91,77.0,88,96,7.52
228,Lunenburg,CA,44.38,-64.32,51.01,89,4,4.21
229,Balkanabat,TM,39.51,54.37,71.8,24,0,2.44
230,Alice Springs,AU,-23.7,133.88,84.2,12,0,21.92
231,Cuenca,EC,-2.88,-78.98,55.4,87,99,3.36
232,Hasaki,JP,35.73,140.83,88.0,79,75,12.75
233,Chuy,UY,-33.7,-53.46,49.8,90,100,14.29
234,Smolensk,RU,55.0,33.0,55.8,88,64,10.11
235,Bull Savanna,JM,17.89,-77.59,78.24,83,95,9.4
236,Katesh,TZ,-4.52,35.38,48.33,91,0,5.37
237,Rockhampton,AU,-23.38,150.5,77.0,38,2,13.87
238,Qaqortoq,GL,60.72,-46.03,41.0,80,3,2.24
239,Kobyzhcha,UA,50.83,31.5,62.01,67,0,4.47
240,Doha,QA,25.29,51.53,91.99,70,92,6.93
241,Noshiro,JP,40.2,140.02,82.4,69,75,5.82
242,Leningradskiy,RU,69.38,178.42,35.87,94,100,5.35
243,Faanui,PF,-16.48,-151.75,78.04,77,89,18.75
244,Whitianga,NZ,-36.83,175.7,60.01,66,89,5.99
245,Albertville,US,34.27,-86.21,78.01,88,1,4.7
246,Praia Da Vitoria,PT,38.73,-27.07,71.01,83,20,7.25
247,Guerrero Negro,MX,27.98,-114.06,73.56,73,0,13.06
248,Norrtalje,SE,59.76,18.7,57.99,100,0,3.36
249,Santa Maria,BR,-29.68,-53.81,59.0,87,90,18.34
250,Honiara,SB,-9.43,159.95,87.8,70,40,13.87
251,Turukhansk,RU,65.82,87.98,55.31,57,96,16.26
252,Praya,CV,14.92,-23.51,78.8,74,75,12.75
253,Davila,PH,18.47,120.58,84.81,73,48,15.84
254,Sabang,ID,5.89,95.32,81.68,73,100,4.99
255,Hithadhoo,MV,-0.6,73.08,81.95,73,98,9.31
256,Telemaco Borba,BR,-24.32,-50.62,60.85,84,0,4.34
257,Kodiak,US,57.79,-152.41,66.2,45,1,8.05
258,Susangerd,IR,31.56,48.18,84.2,51,20,4.7
259,Ailigandi,PA,9.23,-78.02,79.14,84,6,6.15
260,Salym,RU,60.06,71.48,52.16,90,97,4.16
261,Tautira,PF,-17.73,-149.15,84.2,58,20,10.29
262,Vostok,RU,46.49,135.88,63.32,90,100,2.86
263,Berezovyy,RU,51.67,135.7,65.07,83,96,3.76
264,Laguna Beach,US,33.54,-117.78,71.01,64,1,8.05
265,La Rioja,ES,42.25,-2.5,57.2,82,0,8.05
266,Iwanai,JP,42.97,140.51,77.27,62,8,8.34
267,Tres Lagoas,BR,-20.75,-51.68,76.82,40,0,8.08
268,Ambulu,ID,-8.35,113.61,81.81,68,72,3.36
269,Pangnirtung,CA,66.15,-65.71,44.69,64,66,3.78
270,Bilma,NE,18.69,12.92,89.33,38,4,10.16
271,Kholtoson,RU,50.3,103.31,61.0,51,0,3.44
272,Saint-Francois,FR,46.42,3.91,51.01,93,25,2.86
273,Cajamarca,PE,-7.16,-78.5,54.01,72,22,4.56
274,Porto Novo,BJ,6.5,2.6,77.0,88,20,12.75
275,Ribas Do Rio Pardo,BR,-20.44,-53.76,77.76,31,25,5.46
276,Boditi,ET,6.97,37.87,55.78,95,85,2.62
277,Hilo,US,19.73,-155.09,86.0,51,1,10.29
278,Abu Samrah,SY,35.3,37.18,74.79,60,34,5.46
279,Pokhara,NP,28.23,83.98,76.08,75,85,1.45
280,Lorengau,PG,-2.02,147.27,81.09,75,100,2.04
281,Gorodishche,RU,48.8,44.47,64.4,48,0,6.71
282,Gat,IL,31.61,34.76,78.01,81,0,1.07
283,Huilong,CN,31.81,121.66,84.0,80,81,1.99
284,Oistins,BB,13.07,-59.53,82.4,78,75,4.7
285,San Jose,US,37.34,-121.89,69.8,60,90,12.75
286,Fairbanks,US,64.84,-147.72,57.99,67,75,9.17
287,Tual,ID,-5.67,132.75,79.52,85,97,18.03
288,Khatra,IN,22.98,86.85,78.49,86,100,2.86
289,San Patricio,MX,19.22,-104.7,86.0,79,40,5.82
290,Fortuna,US,40.6,-124.16,72.0,82,20,9.17
291,Kaabong,UG,3.48,34.15,62.51,64,2,10.38
292,Katsuura,JP,35.13,140.3,88.0,88,75,9.17
293,Maniitsoq,GL,65.42,-52.9,42.85,77,82,13.31
294,Talnakh,RU,69.49,88.4,32.0,61,90,4.47
295,Coahuayana,MX,18.73,-103.68,78.22,81,14,0.47
296,Neuquen,AR,-38.95,-68.06,53.6,40,1,10.29
297,Aksarka,RU,66.56,67.8,48.04,83,100,8.7
298,Evensk,RU,61.95,159.23,54.9,71,93,7.31
299,Plymouth,US,41.83,-70.83,64.99,77,1,5.68
300,Nisia Floresta,BR,-6.09,-35.21,73.4,94,75,5.82
301,Bathsheba,BB,13.22,-59.52,82.4,78,75,4.7
302,Muli,MV,2.92,73.57,82.18,74,100,13.94
303,Nara,JP,34.69,135.8,95.0,55,40,14.99
304,Lushoto,TZ,-4.78,38.28,50.49,82,3,2.8
305,North Bend,US,43.41,-124.22,84.0,72,1,18.34
306,Llaillay,CL,-32.85,-70.97,50.0,71,90,10.29
307,Bengkulu,ID,-3.8,102.27,80.56,77,72,4.29
308,Kruisfontein,ZA,-34.0,24.73,61.0,68,86,8.01
309,Khandyga,RU,62.67,135.6,65.84,51,3,0.63
310,Maturin,VE,9.75,-63.18,75.38,94,100,5.73
311,Miquelon,PM,47.1,-56.38,58.82,80,5,13.69
312,Kudahuvadhoo,MV,2.67,72.89,82.67,73,100,12.64
313,Arroyo,ES,41.61,-4.8,57.0,71,0,14.99
314,Kamskiye Polyany,RU,55.43,51.42,62.6,77,40,8.95
315,Manama,BH,26.22,50.58,89.6,84,0,4.7
316,Santo Domingo,DO,18.5,-69.99,81.0,94,75,4.7
317,Xianyang,CN,34.34,108.7,73.99,64,0,2.24
318,Leh,IN,34.17,77.58,59.76,42,42,3.94
319,Limbang,MY,4.75,115.0,86.0,79,40,3.36
320,Marabba,SD,12.35,32.18,77.63,78,97,8.7
321,Tagusao,PH,9.19,117.81,85.35,66,17,0.94
322,San Rafael,AR,-34.62,-68.33,47.43,52,0,6.44
323,Awbari,LY,26.59,12.78,84.87,14,0,9.06
324,Mogadishu,SO,2.04,45.34,77.47,81,35,16.37
325,Bontang,ID,0.13,117.5,79.75,79,100,2.73
326,Deputatskiy,RU,69.3,139.9,37.94,77,100,11.54
327,Laguna,US,38.42,-121.42,75.2,50,1,13.87
328,Vanavara,RU,60.34,102.28,57.76,90,100,10.51
329,Nyzhni Sirohozy,UA,46.85,34.38,69.04,60,0,5.35
330,Ancud,CL,-41.87,-73.82,44.01,66,1,4.0
331,Gamba,GA,-2.65,10.0,73.31,84,100,5.91
332,Tres Arroyos,AR,-38.37,-60.28,37.11,88,0,10.11
333,Lasa,IT,46.62,10.7,50.0,93,75,2.24
334,Port Elizabeth,ZA,-33.92,25.57,62.6,72,100,24.16
335,Mudgee,AU,-32.59,149.59,66.99,63,100,12.75
336,Manakara,MG,-22.13,48.02,64.33,92,13,4.12
337,Ponta Do Sol,PT,32.67,-17.1,73.4,69,20,14.99
338,Tabalosos,PE,-6.35,-76.68,65.55,80,38,2.75
339,Hambantota,LK,6.12,81.12,77.0,94,75,8.05
340,Kelvington,CA,52.17,-103.53,51.62,76,16,12.86
341,Poum,NC,-20.23,164.02,71.55,69,0,14.72
342,Quatre Cocos,MU,-20.21,57.76,71.6,83,75,11.41
343,Taraz,KZ,42.9,71.37,64.4,59,75,6.71
344,Baiyin,CN,36.56,104.21,55.4,54,0,2.24
345,Broken Hill,AU,-31.95,141.43,75.2,17,0,24.16
346,Nyurba,RU,63.28,118.33,56.95,68,0,4.36
347,Krasnyy Chikoy,RU,50.36,108.75,56.66,66,6,4.68
348,Sioux Lookout,CA,50.1,-91.92,55.4,82,90,13.87
349,Nola,IT,40.92,14.53,66.2,68,0,3.36
350,Igurubi,TZ,-4.0,33.7,61.25,53,0,8.16
351,Walker,US,30.73,-95.57,89.6,55,1,9.17
352,Bandarbeyla,SO,9.49,50.81,78.22,72,56,22.06
353,Celendin,PE,-6.87,-78.15,53.2,77,18,3.09
354,Tazmalt,DZ,36.39,4.4,71.6,78,40,5.82
355,Swan River,CA,52.11,-101.27,52.75,81,68,11.16
356,Puerto Del Rosario,ES,28.5,-13.86,73.4,83,90,8.05
357,Farafangana,MG,-22.82,47.83,65.26,91,9,3.8
358,Ingham,US,42.6,-84.38,66.99,100,40,10.29
359,Saint-Ambroise,CA,48.55,-71.33,64.4,77,90,5.82
360,Gorontalo,ID,0.54,123.06,88.11,61,87,1.79
361,Okhotsk,RU,59.38,143.3,57.34,71,100,2.84
362,Delmiro Gouveia,BR,-9.39,-38.0,66.54,94,29,6.35
363,Aklavik,CA,68.22,-135.01,46.4,100,90,6.93
364,Sola,VU,-13.88,167.55,78.89,84,91,25.81
365,Manjacaze,MZ,-24.71,33.88,60.78,86,75,6.17
366,Hovd,MN,48.01,91.64,64.78,30,0,4.38
367,Santa Marta De Tormes,ES,40.95,-5.63,61.0,71,0,4.7
368,Anqing,CN,30.51,117.05,86.36,61,3,3.49
369,Moosomin,CA,50.13,-101.67,57.94,53,6,13.4
370,Kodinsk,RU,58.69,99.18,57.29,89,97,9.15
371,Floro,NO,61.6,5.03,59.0,72,75,20.8
372,Vardo,NO,70.37,31.11,50.18,77,100,15.35
373,Taltal,CL,-25.4,-70.48,52.3,74,16,1.48
374,Vikindu,TZ,-7.01,39.3,68.41,94,0,4.25
375,San Andres,CO,12.58,-81.7,84.2,79,75,5.82
376,Palana,RU,59.12,159.97,47.55,90,100,20.51
377,Meihekou,CN,42.53,125.68,75.09,70,49,4.41
378,Vao,NC,-22.67,167.48,67.89,62,6,14.25
379,Pingliang,CN,35.54,106.69,70.92,34,0,1.97
380,Road Town,VG,18.42,-64.62,82.0,90,15,13.0
381,San Jose De Tarros,HN,15.3,-88.7,69.44,100,3,1.72
382,Koumra,TD,8.91,17.55,71.02,95,94,2.68
383,Port Shepstone,ZA,-30.74,30.45,60.53,81,58,21.41
384,Bonnyville,CA,54.27,-110.73,60.8,51,75,19.46
385,Talaya,RU,61.38,152.75,53.83,59,97,8.37
386,Pangoa,PE,-12.12,-73.0,67.59,91,0,2.71
387,Troitsko-Pechorsk,RU,62.71,56.2,40.86,87,1,10.18
388,Lata,PT,40.16,-8.33,60.01,96,68,3.11
389,Boa Vista,BR,2.82,-60.67,80.6,78,46,3.36
390,Nuevo Progreso,MX,23.17,-97.95,82.99,66,0,1.99
391,Oktyabrskoye,RU,43.06,44.74,55.4,93,0,6.71
392,Gorgan,IR,36.84,54.43,62.6,88,0,4.7
393,Matata,NZ,-37.88,176.75,64.99,50,2,5.01
394,Bereda,ES,43.27,-7.54,54.0,1,40,4.32
395,Nemuro,JP,43.32,145.57,64.4,93,75,1.12
396,Solnechnyy,RU,50.72,136.63,68.79,76,75,3.29
397,Vidalia,US,32.22,-82.41,82.4,74,1,5.19
398,Clarksdale,US,34.2,-90.57,79.0,100,100,9.22
399,Iqaluit,CA,63.75,-68.51,46.4,75,40,6.93
400,Ternate,ID,0.8,127.4,82.96,72,95,1.01
401,Batticaloa,LK,7.71,81.69,78.67,78,100,5.21
402,Codajas,BR,-3.84,-62.06,74.35,91,4,2.73
403,Les Cayes,HT,18.2,-73.75,81.19,80,100,3.04
404,Grand Gaube,MU,-20.01,57.66,69.01,83,72,1.99
405,Sao Joao Da Barra,BR,-21.64,-41.05,71.87,85,81,2.3
406,Vanimo,PG,-2.67,141.3,77.68,90,100,6.51
407,Mayumba,GA,-3.43,10.66,73.49,87,100,7.02
408,Chingirlau,KZ,51.09,54.08,67.84,52,0,4.68
409,Jiaojiang,CN,28.68,121.44,91.0,60,28,3.0
410,Olinda,BR,-8.01,-34.86,77.0,83,75,13.87
411,Paredon,MX,16.03,-93.87,81.37,71,8,1.41
412,San Cristobal,VE,7.77,-72.22,77.0,69,40,10.29
413,Matara,LK,5.95,80.54,78.31,84,98,9.89
414,Puerto Baquerizo Moreno,EC,-0.9,-89.6,65.12,84,15,14.88
415,Inhambane,MZ,-23.86,35.38,66.18,73,85,15.21
416,Lluta,PE,-16.01,-72.01,47.95,50,0,3.0
417,Hays,US,30.05,-98.03,89.01,70,84,7.0
418,Dudinka,RU,69.41,86.18,32.0,72,90,4.47
419,Malartic,CA,48.13,-78.13,64.4,93,75,8.05
420,Tamboril,DO,19.49,-70.61,78.8,94,75,9.17
421,Zyryanka,RU,65.75,150.85,46.81,66,89,8.66
422,Luanda,AO,-8.84,13.23,69.8,83,40,4.7
423,Namatanai,PG,-3.67,152.43,85.89,63,4,3.6
424,Sebu,PH,6.22,124.69,80.85,68,39,3.56
425,Haines Junction,CA,60.75,-137.51,54.12,58,100,5.97
426,West Plains,US,36.73,-91.85,72.0,100,90,3.42
427,Caala,AO,-12.85,15.56,57.0,76,9,1.68
428,La Palma,US,33.85,-118.05,73.4,56,1,5.82
429,Gizo,SB,-8.1,156.84,84.24,73,63,9.31
430,Aripuana,BR,-9.17,-60.63,78.46,40,1,1.57
431,Krasnoselkup,RU,65.7,82.47,51.44,70,0,12.86
432,Amalapuram,IN,16.58,82.02,80.6,83,75,4.7
433,Ipora,BR,-16.44,-51.12,77.52,26,74,5.86
434,Vicuna,CL,-30.03,-70.71,43.0,76,8,0.98
435,Xuddur,SO,4.12,43.89,70.38,79,1,17.2
436,Olafsvik,IS,64.89,-23.71,49.91,87,7,8.05
437,Oxapampa,PE,-10.58,-75.4,58.21,83,83,2.8
438,Presidencia Roque Saenz Pena,AR,-26.79,-60.44,50.16,87,95,7.25
439,Novyy Buyan,RU,53.69,50.05,66.2,55,23,8.95
440,Mahanoro,MG,-19.9,48.8,64.69,89,14,5.35
441,Payyannur,IN,12.1,75.2,75.2,100,75,4.7
442,Emilio Carranza,MX,19.97,-96.61,83.16,76,0,13.73
443,Kangaatsiaq,GL,68.31,-53.46,42.91,86,0,14.0
444,Beira,MZ,-19.84,34.84,70.25,77,74,15.99
445,Vershino-Shakhtaminskiy,RU,51.3,117.89,56.48,76,80,5.32
446,Sorland,NO,67.67,12.69,54.18,86,45,18.63
447,Pangody,RU,65.85,74.49,45.57,79,100,8.79
448,Tutoia,BR,-2.76,-42.27,79.23,81,0,12.1
449,Yerbogachen,RU,61.28,108.01,58.59,84,100,12.55
450,Salta,AR,-24.79,-65.41,44.6,65,90,4.7
451,Tecoanapa,MX,16.52,-98.75,80.19,75,0,1.41
452,Broome,US,42.25,-75.83,69.01,88,90,6.93
453,Parry Sound,CA,45.35,-80.03,70.0,93,100,7.0
454,Saint George,US,37.1,-113.58,91.0,11,1,14.99
455,Burgersdorp,ZA,-31.0,26.33,49.32,71,46,17.25
456,Bac Lieu,VN,9.29,105.72,83.44,77,100,6.15
457,Lai,TD,9.4,16.3,70.75,96,79,3.69
458,Son Tay,VN,21.14,105.5,86.0,74,2,4.7
459,Akonolinga,CM,3.77,12.25,67.14,97,100,3.18
460,Ibra,OM,22.69,58.53,76.96,71,0,2.84
461,Beyneu,KZ,45.32,55.2,74.28,22,0,8.08
462,Pouebo,NC,-20.4,164.57,76.01,52,0,9.35
463,Hamilton,US,39.18,-84.53,79.0,94,1,4.7
464,Mount Gambier,AU,-37.83,140.77,59.0,54,90,12.75
465,Hohhot,CN,40.81,111.65,59.0,62,0,4.47
466,Cananea,MX,30.95,-110.3,75.99,54,9,6.42
467,Olavarria,AR,-36.89,-60.32,42.01,75,76,5.01
468,San Quintin,MX,30.48,-115.95,69.69,76,0,10.31
469,Waddan,LY,29.16,16.14,74.86,46,0,7.72
470,Matamoros,MX,25.53,-103.25,86.0,45,75,9.17
471,Ornskoldsvik,SE,63.29,18.72,37.4,100,90,2.24
472,Dzhebariki-Khaya,RU,62.22,135.8,65.46,53,0,3.89
473,Tabuleiro Do Norte,BR,-5.25,-38.13,74.5,75,4,6.06
474,Alugan,PH,12.22,125.48,85.44,67,100,4.9
475,Sicamous,CA,50.83,-118.99,69.01,72,7,1.16
476,Westport,US,41.14,-73.36,71.6,78,90,13.87
477,Mayo,US,38.89,-76.51,77.0,88,90,9.17
478,Takoradi,GH,4.88,-1.76,74.93,87,100,7.72
479,Znamenskoye,RU,57.13,73.83,60.58,98,100,6.82
480,Kargasok,RU,59.06,80.86,52.95,95,100,8.95
481,Matagami,CA,49.75,-77.63,48.2,87,20,4.09
482,Samarai,PG,-10.62,150.67,77.88,88,99,14.72
483,Amarkantak,IN,22.67,81.75,68.85,100,100,3.8
484,Ossora,RU,59.24,163.07,57.42,54,89,9.51
485,Klyuchi,RU,52.27,79.17,71.82,60,15,9.26
486,Sistranda,NO,63.73,8.83,50.0,93,20,3.36
487,Bonoua,CI,5.27,-3.6,75.2,94,75,3.36
488,Itambacuri,BR,-18.03,-41.69,64.33,90,67,4.25
489,Dwarka,IN,22.24,68.97,81.16,77,26,10.25
490,Krasnoyarka,RU,55.33,73.12,62.6,77,84,4.47
491,Amot,NO,59.57,7.99,42.01,92,0,0.72
492,Husavik,IS,66.04,-17.34,48.2,93,90,6.93
493,Saiha,IN,22.48,92.97,78.03,78,47,1.32
494,Rio Grande,BR,-32.03,-52.1,55.0,98,100,8.99
495,Grosseto,IT,42.83,11.25,62.6,77,95,3.36
496,Kuytun,RU,54.34,101.5,60.13,62,100,6.29
497,Zakamensk,RU,50.37,103.29,61.65,50,0,3.15
498,Asau,RO,46.43,26.4,60.01,85,100,6.04
499,Algeciras,ES,36.13,-5.45,66.2,88,0,2.24
500,Novoagansk,RU,61.94,76.66,50.68,86,76,6.11
501,Te Anau,NZ,-45.42,167.72,48.49,52,8,0.69
502,Bathurst,AU,-33.42,149.58,63.0,48,99,14.0
503,Verkhoyansk,RU,67.54,133.38,57.7,44,84,6.71
504,Noumea,NC,-22.28,166.46,77.0,41,20,14.99
505,Jand,PK,33.43,72.02,74.41,82,92,1.36
506,Vestmanna,FO,62.16,-7.17,51.8,93,100,16.11
507,Ust-Maya,RU,60.42,134.53,62.22,60,100,7.76
508,Halifax,CA,44.65,-63.57,57.2,82,20,4.7
509,Bubaque,GW,11.28,-15.83,79.14,82,100,19.24
510,Vila Do Maio,CV,15.13,-23.22,78.8,78,75,13.87
511,Yar-Sale,RU,66.83,70.83,48.11,83,100,6.78
512,Gao,ML,16.64,1.64,86.16,47,0,7.16
513,Ruwi,OM,23.6,58.55,84.2,89,0,3.36
514,Golden,US,39.76,-105.22,72.0,37,0,0.78
515,Esperance,AU,-33.87,121.9,55.4,71,40,26.4
516,Port Blair,IN,11.67,92.75,84.79,67,86,3.11
517,Miri,MY,4.41,114.01,82.4,88,40,1.59
518,Rabo De Peixe,PT,37.8,-25.58,71.6,78,75,3.36
519,Sinnamary,GF,5.38,-52.95,79.16,81,87,9.64
520,Caconda,AO,-13.73,15.07,56.21,82,0,3.04
521,Joshimath,IN,30.57,79.57,70.65,47,100,0.02
522,Perevoz,RU,55.6,44.54,52.95,81,85,10.89
523,Vila,PT,42.03,-8.16,55.0,86,3,4.88
524,Zhanaozen,KZ,43.3,52.8,69.21,30,0,1.36
525,Krivodol,BG,43.37,23.48,66.29,61,19,5.21
526,Sinop,TR,41.77,34.87,71.46,37,0,4.36
527,Esil,KZ,51.96,66.4,69.37,56,0,7.99
528,Kokstad,ZA,-30.55,29.42,43.88,90,33,5.84
529,Ariquemes,BR,-9.91,-63.04,79.36,43,3,1.66
530,Berdigestyakh,RU,62.1,126.7,62.37,53,6,5.08
531,Tambura,SS,5.6,27.47,69.08,96,71,1.66
532,Russi,IT,44.37,12.03,71.6,60,96,3.36
533,Merauke,ID,-8.47,140.33,82.99,69,100,12.03
534,Batagay,RU,67.63,134.63,57.33,41,95,5.79
535,Kimbe,PG,-5.55,150.14,85.98,73,50,2.68
536,Ust-Kuyga,RU,70.02,135.6,52.45,45,0,7.94
537,Yei,SS,4.09,30.68,65.23,92,1,1.45
538,Odweyne,SO,9.41,45.06,73.22,58,1,10.16
539,Arlit,NE,18.74,7.39,88.52,46,12,8.99
540,Beringovskiy,RU,63.05,179.32,48.18,60,87,3.24
541,Gambela,ET,8.25,34.58,68.86,89,54,3.4
542,Kismayo,SO,-0.36,42.55,75.88,77,41,13.8
543,Nieves,PH,15.33,120.95,85.55,72,100,4.61
544,Los Llanos De Aridane,ES,28.66,-17.92,73.4,69,20,10.29
545,Yuli,NG,9.7,10.27,71.69,94,100,4.38
546,Barahona,DO,18.21,-71.1,81.7,78,99,4.03
547,Massaguet,TD,12.48,15.44,75.2,94,20,3.36
548,Tabuk,PH,17.42,121.44,86.13,68,25,3.94
549,Comodoro Rivadavia,AR,-45.87,-67.5,44.6,87,0,2.24
550,Najibabad,IN,29.63,78.33,78.8,88,75,4.7
551,Goundam,ML,16.41,-3.67,87.75,53,0,11.34
552,Roald,NO,62.58,6.13,60.01,87,0,6.93
553,Ocos,GT,14.51,-92.19,82.4,88,40,5.82
554,Soure,BR,-0.72,-48.52,80.02,80,2,11.18
555,Port-Cartier,CA,50.03,-66.87,55.0,71,90,6.93
556,Rzhaksa,RU,52.13,42.03,62.04,80,0,8.46
557,Princeton,US,25.54,-80.41,84.0,78,1,4.7
558,Kraksaan,ID,-7.76,113.4,87.08,54,57,4.32
559,Sakaiminato,JP,35.55,133.23,93.2,55,40,11.41
560,Geraldton,AU,-28.77,114.6,64.4,59,90,11.41
561,Elbistan,TR,38.21,37.2,64.96,37,70,2.01
562,Bowen,AU,-20.02,148.23,77.0,50,75,14.99
563,Cockburn Town,TC,21.46,-71.14,83.97,81,100,17.25
564,Mizdah,LY,31.45,12.98,69.49,86,0,4.16
565,Sechura,PE,-5.56,-80.82,62.47,78,27,16.2
566,Grand-Lahou,CI,5.14,-5.02,72.75,91,67,6.33
567,Sosnogorsk,RU,63.6,53.88,39.9,88,0,6.2
568,Makakilo City,US,21.35,-158.09,89.6,43,20,12.75
569,Wawa,NG,9.9,4.42,70.72,97,100,5.3
570,Ahuachapan,SV,13.92,-89.84,73.0,100,46,2.59
571,Flinders,AU,-34.58,150.86,64.0,75,100,11.99
572,Ransang,PH,8.96,117.58,86.49,63,52,1.72
573,Ayan,RU,56.45,138.17,53.51,91,100,9.24
574,Sibolga,ID,1.74,98.78,81.75,74,100,1.23
575,Hirara,JP,24.8,125.28,87.8,84,75,12.75
576,Khorramshahr,IR,30.44,48.17,86.0,84,0,4.7
577,Swan Hill,AU,-35.34,143.55,68.09,42,97,20.13
578,Muros,ES,42.78,-9.06,63.0,73,0,7.0
579,Udachnyy,RU,66.42,112.4,42.8,93,90,8.95
580,Mianwali,PK,32.57,71.53,76.1,82,83,7.09
581,Canico,PT,32.63,-16.85,73.4,69,20,14.99
582,Hualmay,PE,-11.1,-77.61,59.07,84,28,11.5
583,Alibag,IN,18.64,72.88,78.8,100,40,2.77
584,Lashio,MM,22.93,97.75,76.62,67,5,0.65
585,Umm Lajj,SA,25.02,37.27,85.95,59,0,9.42
586,Nhulunbuy,AU,-12.23,136.77,82.4,69,75,14.99
587,Wuda,CN,39.5,106.71,67.41,31,0,3.89
588,Molepolole,BW,-24.41,25.5,57.2,71,90,20.8
589,Harbour Breton,CA,47.48,-55.8,54.0,100,0,7.29
590,Guanare,VE,9.04,-69.74,74.98,90,15,1.68
591,Muscat,OM,23.61,58.59,84.2,89,0,3.36
592,Marfino,RU,55.7,37.38,53.6,76,32,8.95
593,Shenjiamen,CN,29.96,122.3,82.2,79,55,25.72
594,Djibo,BF,14.1,-1.63,81.48,70,0,9.82
595,Curup,ID,-3.47,102.53,77.97,56,99,2.75
596,Koupela,BF,12.18,-0.35,74.28,90,100,8.55
597,Moree,AU,-29.47,149.85,69.8,56,100,21.92
598,Padang,ID,-0.95,100.35,82.51,67,85,2.13
599,Samus,RU,56.75,84.7,55.99,87,100,9.46
600,Kokoda,PG,-8.88,147.74,86.38,51,77,5.93
601,Altamont,US,42.21,-121.74,87.8,18,1,4.7
602,Sterling,US,39.01,-77.43,72.0,94,90,3.36
603,Domoni,KM,-12.26,44.53,73.72,74,56,3.94
604,Whitehorse,CA,60.72,-135.05,59.0,44,75,12.75
605,Rivera,UY,-30.91,-55.55,52.27,94,100,16.31
606,Bonavista,CA,48.65,-53.11,52.0,86,4,5.99
607,Goryachegorsk,RU,55.41,88.92,55.96,79,28,13.85
608,Cabra,ES,37.47,-4.44,64.4,63,0,2.24
609,Marondera,ZW,-18.19,31.55,54.68,89,87,11.39
610,Half Moon Bay,US,37.46,-122.43,66.2,82,90,4.7
611,Bonthe,SL,7.53,-12.51,75.6,84,96,7.14
612,San Vicente,AR,-26.62,-54.13,65.61,77,36,2.64
613,Dutlwe,BW,-23.98,23.9,55.29,80,2,23.67
614,Jumla,NP,29.27,82.18,66.7,60,93,1.88
615,Nikel,RU,69.41,30.22,44.6,100,83,18.34
616,Rexburg,US,43.83,-111.79,66.2,42,1,6.93
617,Marietta,US,33.95,-84.55,80.6,83,40,4.7
618,Qasigiannguit,GL,68.82,-51.19,41.0,75,7,4.7
619,Ca Mau,VN,9.18,105.15,84.29,75,100,3.47
620,Sarankhola,BD,22.31,89.79,83.07,81,55,3.6
621,Tuatapere,NZ,-46.13,167.68,45.0,72,72,11.01
622,Wundanyi,KE,-3.4,38.36,53.01,100,16,4.74
623,Kichera,RU,55.94,110.1,57.49,68,72,5.23
624,Santa Fe Do Sul,BR,-20.21,-50.93,77.32,35,4,8.01
625,Nichinan,JP,31.6,131.37,87.8,79,75,23.04
626,Aksu,CN,41.12,80.26,80.38,23,91,2.19
627,Dunkirk,FR,51.05,2.37,50.0,93,0,1.12
628,Bumba,CD,2.18,22.47,71.04,96,100,3.06
629,Machacamarca,BO,-18.17,-67.03,45.72,63,12,4.18
630,Plettenberg Bay,ZA,-34.05,23.37,61.84,72,5,15.7
631,Tahta,EG,26.77,31.5,80.6,26,0,6.93
632,Catalao,BR,-18.17,-47.95,68.2,43,67,5.88
633,Dongzhen,CN,22.38,110.94,89.01,41,33,4.81
634,Korla,CN,41.76,86.15,80.92,20,100,5.14
635,Xiongzhou,CN,25.12,114.3,89.71,58,70,1.52
636,Svecha,RU,58.28,47.52,51.39,79,100,11.7
637,Homa Bay,KE,-0.53,34.46,66.45,52,0,2.66
638,Lewistown,US,40.6,-77.57,71.01,100,90,3.31
639,Adrar,MR,20.5,-10.07,89.91,35,16,7.52
640,Qeshm,IR,26.96,56.27,84.2,65,90,4.7
641,Thunder Bay,CA,48.4,-89.32,64.4,68,90,13.87
642,Maku,IR,39.29,44.45,66.2,52,85,1.48
643,Luwuk,ID,-0.95,122.79,83.71,73,72,4.45
644,Santo Antonio Do Ica,BR,-3.1,-67.94,74.25,97,65,2.77
645,Naze,JP,28.37,129.48,84.2,89,75,35.57
646,Banon,ES,40.84,-1.19,60.8,87,2,4.7
647,Nioro,GM,13.35,-15.75,74.71,95,100,6.64
648,Pishva,IR,35.31,51.73,69.8,32,0,6.93
649,Shwebo,MM,22.57,95.7,81.55,83,22,0.94
650,Hofn,IS,64.25,-15.21,50.05,93,100,0.45
651,Turceni,RO,44.68,23.37,66.99,74,74,6.35
652,Ajdabiya,LY,30.76,20.23,73.81,51,0,9.86
653,Narrabri,AU,-30.32,149.78,71.6,49,100,21.92
654,Imeni Poliny Osipenko,RU,52.42,136.49,61.61,90,99,3.11
655,Sosnovo-Ozerskoye,RU,52.52,111.54,53.37,80,5,7.27
656,Ayagoz,KZ,47.97,80.44,70.83,26,66,9.51
657,Sumbuya,SL,7.65,-11.96,72.48,92,100,2.82
658,Santa Ana,US,33.75,-117.87,75.0,56,1,6.93
659,Shubarkuduk,KZ,49.14,56.49,71.47,37,0,5.14
660,Itarema,BR,-2.92,-39.92,78.28,80,0,16.73
661,Marawi,PH,8.0,124.29,84.99,71,100,3.0
662,Wuzhou,CN,23.48,111.32,89.47,57,71,3.83
663,San Francisco,US,37.77,-122.42,64.99,68,75,12.75
664,Karratha,AU,-20.74,116.85,82.54,30,0,6.29
665,Carauari,BR,-4.88,-66.9,74.61,88,85,1.21
666,Vestmannaeyjar,IS,63.44,-20.27,50.97,90,100,9.06
667,Kyra,RU,49.58,111.98,57.2,63,0,6.82
668,Cobija,BO,-11.03,-68.77,72.81,91,5,3.02
669,Aquiraz,BR,-3.9,-38.39,80.6,78,75,11.41
670,Tashara,RU,55.52,83.51,55.65,88,100,9.1
671,Ha Tinh,VN,18.33,105.9,88.07,60,0,2.51
672,Manoel Urbano,BR,-8.84,-69.26,72.63,92,100,3.36
673,Clearwater,US,27.97,-82.8,84.0,88,1,6.33
674,El Alto,PE,-4.27,-81.21,62.04,83,0,21.7
675,Pointe Michel,DM,15.25,-61.38,82.26,75,4,8.52
676,Port Said,EG,31.26,32.28,78.8,83,0,1.12
677,Acapulco,MX,16.86,-99.89,84.2,74,5,0.94
678,Constantine,DZ,36.37,6.61,66.2,68,100,6.93
679,Honningsvag,NO,70.98,25.97,50.2,79,100,17.49
680,Ruidoso,US,33.33,-105.67,62.6,45,1,4.7
681,Pula,HR,44.87,13.85,62.6,77,79,6.93
682,Luderitz,NA,-26.65,15.16,52.47,64,12,4.88
683,Kavaratti,IN,10.57,72.64,82.15,81,100,19.42
684,Oranjemund,NA,-28.55,16.43,52.16,76,0,10.56
685,Winnemucca,US,40.97,-117.74,82.4,18,20,4.7
686,Kangavar,IR,34.5,47.97,53.6,50,20,4.7
687,Nicoya,CR,10.15,-85.45,75.06,92,39,2.28
688,Saint-Pierre,RE,-21.34,55.48,62.6,63,1,2.24
689,Mangrol,IN,21.12,70.12,79.84,82,5,5.3
690,Kinel-Cherkassy,RU,53.47,51.47,63.54,60,14,7.76
691,Hervey Bay,AU,-25.3,152.85,77.0,56,75,12.75
692,Chongqing,CN,29.56,106.55,78.01,83,40,4.47
